01/01/2010;sábado;1;01;2010
02/01/2010;domingo;2;01;2010
03/01/2010;lunes;3;01;2010
04/01/2010;martes;4;01;2010
05/01/2010;miércoles;5;01;2010
06/01/2010;jueves;6;01;2010
07/01/2010;viernes;7;01;2010
08/01/2010;sábado;8;01;2010
09/01/2010;domingo;9;01;2010
10/01/2010;lunes;10;01;2010
11/01/2010;martes;11;01;2010
12/01/2010;miércoles;12;01;2010
13/01/2010;jueves;13;01;2010
14/01/2010;viernes;14;01;2010
15/01/2010;sábado;15;01;2010
16/01/2010;domingo;16;01;2010
17/01/2010;lunes;17;01;2010
18/01/2010;martes;18;01;2010
19/01/2010;miércoles;19;01;2010
20/01/2010;jueves;20;01;2010
21/01/2010;viernes;21;01;2010
22/01/2010;sábado;22;01;2010
23/01/2010;domingo;23;01;2010
24/01/2010;lunes;24;01;2010
25/01/2010;martes;25;01;2010
26/01/2010;miércoles;26;01;2010
27/01/2010;jueves;27;01;2010
28/01/2010;viernes;28;01;2010
29/01/2010;sábado;29;01;2010
30/01/2010;domingo;30;01;2010
31/01/2010;lunes;31;01;2010
01/02/2010;martes;1;02;2010
02/02/2010;miércoles;2;02;2010
03/02/2010;jueves;3;02;2010
04/02/2010;viernes;4;02;2010
05/02/2010;sábado;5;02;2010
06/02/2010;domingo;6;02;2010
07/02/2010;lunes;7;02;2010
08/02/2010;martes;8;02;2010
09/02/2010;miércoles;9;02;2010
10/02/2010;jueves;10;02;2010
11/02/2010;viernes;11;02;2010
12/02/2010;sábado;12;02;2010
13/02/2010;domingo;13;02;2010
14/02/2010;lunes;14;02;2010
15/02/2010;martes;15;02;2010
16/02/2010;miércoles;16;02;2010
17/02/2010;jueves;17;02;2010
18/02/2010;viernes;18;02;2010
19/02/2010;sábado;19;02;2010
20/02/2010;domingo;20;02;2010
21/02/2010;lunes;21;02;2010
22/02/2010;martes;22;02;2010
23/02/2010;miércoles;23;02;2010
24/02/2010;jueves;24;02;2010
25/02/2010;viernes;25;02;2010
26/02/2010;sábado;26;02;2010
27/02/2010;domingo;27;02;2010
28/02/2010;lunes;28;02;2010
01/03/2010;martes;1;03;2010
02/03/2010;miércoles;2;03;2010
03/03/2010;jueves;3;03;2010
04/03/2010;viernes;4;03;2010
05/03/2010;sábado;5;03;2010
06/03/2010;domingo;6;03;2010
07/03/2010;lunes;7;03;2010
08/03/2010;martes;8;03;2010
09/03/2010;miércoles;9;03;2010
10/03/2010;jueves;10;03;2010
11/03/2010;viernes;11;03;2010
12/03/2010;sábado;12;03;2010
13/03/2010;domingo;13;03;2010
14/03/2010;lunes;14;03;2010
15/03/2010;martes;15;03;2010
16/03/2010;miércoles;16;03;2010
17/03/2010;jueves;17;03;2010
18/03/2010;viernes;18;03;2010
19/03/2010;sábado;19;03;2010
20/03/2010;domingo;20;03;2010
21/03/2010;lunes;21;03;2010
22/03/2010;martes;22;03;2010
23/03/2010;miércoles;23;03;2010
24/03/2010;jueves;24;03;2010
25/03/2010;viernes;25;03;2010
26/03/2010;sábado;26;03;2010
27/03/2010;domingo;27;03;2010
28/03/2010;lunes;28;03;2010
29/03/2010;martes;29;03;2010
30/03/2010;miércoles;30;03;2010
31/03/2010;jueves;31;03;2010
01/04/2010;viernes;1;04;2010
02/04/2010;sábado;2;04;2010
03/04/2010;domingo;3;04;2010
04/04/2010;lunes;4;04;2010
05/04/2010;martes;5;04;2010
06/04/2010;miércoles;6;04;2010
07/04/2010;jueves;7;04;2010
08/04/2010;viernes;8;04;2010
09/04/2010;sábado;9;04;2010
10/04/2010;domingo;10;04;2010
11/04/2010;lunes;11;04;2010
12/04/2010;martes;12;04;2010
13/04/2010;miércoles;13;04;2010
14/04/2010;jueves;14;04;2010
15/04/2010;viernes;15;04;2010
16/04/2010;sábado;16;04;2010
17/04/2010;domingo;17;04;2010
18/04/2010;lunes;18;04;2010
19/04/2010;martes;19;04;2010
20/04/2010;miércoles;20;04;2010
21/04/2010;jueves;21;04;2010
22/04/2010;viernes;22;04;2010
23/04/2010;sábado;23;04;2010
24/04/2010;domingo;24;04;2010
25/04/2010;lunes;25;04;2010
26/04/2010;martes;26;04;2010
27/04/2010;miércoles;27;04;2010
28/04/2010;jueves;28;04;2010
29/04/2010;viernes;29;04;2010
30/04/2010;sábado;30;04;2010
01/05/2010;domingo;1;05;2010
02/05/2010;lunes;2;05;2010
03/05/2010;martes;3;05;2010
04/05/2010;miércoles;4;05;2010
05/05/2010;jueves;5;05;2010
06/05/2010;viernes;6;05;2010
07/05/2010;sábado;7;05;2010
08/05/2010;domingo;8;05;2010
09/05/2010;lunes;9;05;2010
10/05/2010;martes;10;05;2010
11/05/2010;miércoles;11;05;2010
12/05/2010;jueves;12;05;2010
13/05/2010;viernes;13;05;2010
14/05/2010;sábado;14;05;2010
15/05/2010;domingo;15;05;2010
16/05/2010;lunes;16;05;2010
17/05/2010;martes;17;05;2010
18/05/2010;miércoles;18;05;2010
19/05/2010;jueves;19;05;2010
20/05/2010;viernes;20;05;2010
21/05/2010;sábado;21;05;2010
22/05/2010;domingo;22;05;2010
23/05/2010;lunes;23;05;2010
24/05/2010;martes;24;05;2010
25/05/2010;miércoles;25;05;2010
26/05/2010;jueves;26;05;2010
27/05/2010;viernes;27;05;2010
28/05/2010;sábado;28;05;2010
29/05/2010;domingo;29;05;2010
30/05/2010;lunes;30;05;2010
31/05/2010;martes;31;05;2010
01/06/2010;miércoles;1;06;2010
02/06/2010;jueves;2;06;2010
03/06/2010;viernes;3;06;2010
04/06/2010;sábado;4;06;2010
05/06/2010;domingo;5;06;2010
06/06/2010;lunes;6;06;2010
07/06/2010;martes;7;06;2010
08/06/2010;miércoles;8;06;2010
09/06/2010;jueves;9;06;2010
10/06/2010;viernes;10;06;2010
11/06/2010;sábado;11;06;2010
12/06/2010;domingo;12;06;2010
13/06/2010;lunes;13;06;2010
14/06/2010;martes;14;06;2010
15/06/2010;miércoles;15;06;2010
16/06/2010;jueves;16;06;2010
17/06/2010;viernes;17;06;2010
18/06/2010;sábado;18;06;2010
19/06/2010;domingo;19;06;2010
20/06/2010;lunes;20;06;2010
21/06/2010;martes;21;06;2010
22/06/2010;miércoles;22;06;2010
23/06/2010;jueves;23;06;2010
24/06/2010;viernes;24;06;2010
25/06/2010;sábado;25;06;2010
26/06/2010;domingo;26;06;2010
27/06/2010;lunes;27;06;2010
28/06/2010;martes;28;06;2010
29/06/2010;miércoles;29;06;2010
30/06/2010;jueves;30;06;2010
01/07/2010;viernes;1;07;2010
02/07/2010;sábado;2;07;2010
03/07/2010;domingo;3;07;2010
04/07/2010;lunes;4;07;2010
05/07/2010;martes;5;07;2010
06/07/2010;miércoles;6;07;2010
07/07/2010;jueves;7;07;2010
08/07/2010;viernes;8;07;2010
09/07/2010;sábado;9;07;2010
10/07/2010;domingo;10;07;2010
11/07/2010;lunes;11;07;2010
12/07/2010;martes;12;07;2010
13/07/2010;miércoles;13;07;2010
14/07/2010;jueves;14;07;2010
15/07/2010;viernes;15;07;2010
16/07/2010;sábado;16;07;2010
17/07/2010;domingo;17;07;2010
18/07/2010;lunes;18;07;2010
19/07/2010;martes;19;07;2010
20/07/2010;miércoles;20;07;2010
21/07/2010;jueves;21;07;2010
22/07/2010;viernes;22;07;2010
23/07/2010;sábado;23;07;2010
24/07/2010;domingo;24;07;2010
25/07/2010;lunes;25;07;2010
26/07/2010;martes;26;07;2010
27/07/2010;miércoles;27;07;2010
28/07/2010;jueves;28;07;2010
29/07/2010;viernes;29;07;2010
30/07/2010;sábado;30;07;2010
31/07/2010;domingo;31;07;2010
01/08/2010;lunes;1;08;2010
02/08/2010;martes;2;08;2010
03/08/2010;miércoles;3;08;2010
04/08/2010;jueves;4;08;2010
05/08/2010;viernes;5;08;2010
06/08/2010;sábado;6;08;2010
07/08/2010;domingo;7;08;2010
08/08/2010;lunes;8;08;2010
09/08/2010;martes;9;08;2010
10/08/2010;miércoles;10;08;2010
11/08/2010;jueves;11;08;2010
12/08/2010;viernes;12;08;2010
13/08/2010;sábado;13;08;2010
14/08/2010;domingo;14;08;2010
15/08/2010;lunes;15;08;2010
16/08/2010;martes;16;08;2010
17/08/2010;miércoles;17;08;2010
18/08/2010;jueves;18;08;2010
19/08/2010;viernes;19;08;2010
20/08/2010;sábado;20;08;2010
21/08/2010;domingo;21;08;2010
22/08/2010;lunes;22;08;2010
23/08/2010;martes;23;08;2010
24/08/2010;miércoles;24;08;2010
25/08/2010;jueves;25;08;2010
26/08/2010;viernes;26;08;2010
27/08/2010;sábado;27;08;2010
28/08/2010;domingo;28;08;2010
29/08/2010;lunes;29;08;2010
30/08/2010;martes;30;08;2010
31/08/2010;miércoles;31;08;2010
01/09/2010;jueves;1;09;2010
02/09/2010;viernes;2;09;2010
03/09/2010;sábado;3;09;2010
04/09/2010;domingo;4;09;2010
05/09/2010;lunes;5;09;2010
06/09/2010;martes;6;09;2010
07/09/2010;miércoles;7;09;2010
08/09/2010;jueves;8;09;2010
09/09/2010;viernes;9;09;2010
10/09/2010;sábado;10;09;2010
11/09/2010;domingo;11;09;2010
12/09/2010;lunes;12;09;2010
13/09/2010;martes;13;09;2010
14/09/2010;miércoles;14;09;2010
15/09/2010;jueves;15;09;2010
16/09/2010;viernes;16;09;2010
17/09/2010;sábado;17;09;2010
18/09/2010;domingo;18;09;2010
19/09/2010;lunes;19;09;2010
20/09/2010;martes;20;09;2010
21/09/2010;miércoles;21;09;2010
22/09/2010;jueves;22;09;2010
23/09/2010;viernes;23;09;2010
24/09/2010;sábado;24;09;2010
25/09/2010;domingo;25;09;2010
26/09/2010;lunes;26;09;2010
27/09/2010;martes;27;09;2010
28/09/2010;miércoles;28;09;2010
29/09/2010;jueves;29;09;2010
30/09/2010;viernes;30;09;2010
01/10/2010;sábado;1;10;2010
02/10/2010;domingo;2;10;2010
03/10/2010;lunes;3;10;2010
04/10/2010;martes;4;10;2010
05/10/2010;miércoles;5;10;2010
06/10/2010;jueves;6;10;2010
07/10/2010;viernes;7;10;2010
08/10/2010;sábado;8;10;2010
09/10/2010;domingo;9;10;2010
10/10/2010;lunes;10;10;2010
11/10/2010;martes;11;10;2010
12/10/2010;miércoles;12;10;2010
13/10/2010;jueves;13;10;2010
14/10/2010;viernes;14;10;2010
15/10/2010;sábado;15;10;2010
16/10/2010;domingo;16;10;2010
17/10/2010;lunes;17;10;2010
18/10/2010;martes;18;10;2010
19/10/2010;miércoles;19;10;2010
20/10/2010;jueves;20;10;2010
21/10/2010;viernes;21;10;2010
22/10/2010;sábado;22;10;2010
23/10/2010;domingo;23;10;2010
24/10/2010;lunes;24;10;2010
25/10/2010;martes;25;10;2010
26/10/2010;miércoles;26;10;2010
27/10/2010;jueves;27;10;2010
28/10/2010;viernes;28;10;2010
29/10/2010;sábado;29;10;2010
30/10/2010;domingo;30;10;2010
31/10/2010;lunes;31;10;2010
01/11/2010;martes;1;11;2010
02/11/2010;miércoles;2;11;2010
03/11/2010;jueves;3;11;2010
04/11/2010;viernes;4;11;2010
05/11/2010;sábado;5;11;2010
06/11/2010;domingo;6;11;2010
07/11/2010;lunes;7;11;2010
08/11/2010;martes;8;11;2010
09/11/2010;miércoles;9;11;2010
10/11/2010;jueves;10;11;2010
11/11/2010;viernes;11;11;2010
12/11/2010;sábado;12;11;2010
13/11/2010;domingo;13;11;2010
14/11/2010;lunes;14;11;2010
15/11/2010;martes;15;11;2010
16/11/2010;miércoles;16;11;2010
17/11/2010;jueves;17;11;2010
18/11/2010;viernes;18;11;2010
19/11/2010;sábado;19;11;2010
20/11/2010;domingo;20;11;2010
21/11/2010;lunes;21;11;2010
22/11/2010;martes;22;11;2010
23/11/2010;miércoles;23;11;2010
24/11/2010;jueves;24;11;2010
25/11/2010;viernes;25;11;2010
26/11/2010;sábado;26;11;2010
27/11/2010;domingo;27;11;2010
28/11/2010;lunes;28;11;2010
29/11/2010;martes;29;11;2010
30/11/2010;miércoles;30;11;2010
01/12/2010;jueves;1;12;2010
02/12/2010;viernes;2;12;2010
03/12/2010;sábado;3;12;2010
04/12/2010;domingo;4;12;2010
05/12/2010;lunes;5;12;2010
06/12/2010;martes;6;12;2010
07/12/2010;miércoles;7;12;2010
08/12/2010;jueves;8;12;2010
09/12/2010;viernes;9;12;2010
10/12/2010;sábado;10;12;2010
11/12/2010;domingo;11;12;2010
12/12/2010;lunes;12;12;2010
13/12/2010;martes;13;12;2010
14/12/2010;miércoles;14;12;2010
15/12/2010;jueves;15;12;2010
16/12/2010;viernes;16;12;2010
17/12/2010;sábado;17;12;2010
18/12/2010;domingo;18;12;2010
19/12/2010;lunes;19;12;2010
20/12/2010;martes;20;12;2010
21/12/2010;miércoles;21;12;2010
22/12/2010;jueves;22;12;2010
23/12/2010;viernes;23;12;2010
24/12/2010;sábado;24;12;2010
25/12/2010;domingo;25;12;2010
26/12/2010;lunes;26;12;2010
27/12/2010;martes;27;12;2010
28/12/2010;miércoles;28;12;2010
29/12/2010;jueves;29;12;2010
30/12/2010;viernes;30;12;2010
31/12/2010;sábado;31;12;2010
01/01/2011;domingo;1;01;2011
02/01/2011;lunes;2;01;2011
03/01/2011;martes;3;01;2011
04/01/2011;miércoles;4;01;2011
05/01/2011;jueves;5;01;2011
06/01/2011;viernes;6;01;2011
07/01/2011;sábado;7;01;2011
08/01/2011;domingo;8;01;2011
09/01/2011;lunes;9;01;2011
10/01/2011;martes;10;01;2011
11/01/2011;miércoles;11;01;2011
12/01/2011;jueves;12;01;2011
13/01/2011;viernes;13;01;2011
14/01/2011;sábado;14;01;2011
15/01/2011;domingo;15;01;2011
16/01/2011;lunes;16;01;2011
17/01/2011;martes;17;01;2011
18/01/2011;miércoles;18;01;2011
19/01/2011;jueves;19;01;2011
20/01/2011;viernes;20;01;2011
21/01/2011;sábado;21;01;2011
22/01/2011;domingo;22;01;2011
23/01/2011;lunes;23;01;2011
24/01/2011;martes;24;01;2011
25/01/2011;miércoles;25;01;2011
26/01/2011;jueves;26;01;2011
27/01/2011;viernes;27;01;2011
28/01/2011;sábado;28;01;2011
29/01/2011;domingo;29;01;2011
30/01/2011;lunes;30;01;2011
31/01/2011;martes;31;01;2011
01/02/2011;miércoles;1;02;2011
02/02/2011;jueves;2;02;2011
03/02/2011;viernes;3;02;2011
04/02/2011;sábado;4;02;2011
05/02/2011;domingo;5;02;2011
06/02/2011;lunes;6;02;2011
07/02/2011;martes;7;02;2011
08/02/2011;miércoles;8;02;2011
09/02/2011;jueves;9;02;2011
10/02/2011;viernes;10;02;2011
11/02/2011;sábado;11;02;2011
12/02/2011;domingo;12;02;2011
13/02/2011;lunes;13;02;2011
14/02/2011;martes;14;02;2011
15/02/2011;miércoles;15;02;2011
16/02/2011;jueves;16;02;2011
17/02/2011;viernes;17;02;2011
18/02/2011;sábado;18;02;2011
19/02/2011;domingo;19;02;2011
20/02/2011;lunes;20;02;2011
21/02/2011;martes;21;02;2011
22/02/2011;miércoles;22;02;2011
23/02/2011;jueves;23;02;2011
24/02/2011;viernes;24;02;2011
25/02/2011;sábado;25;02;2011
26/02/2011;domingo;26;02;2011
27/02/2011;lunes;27;02;2011
28/02/2011;martes;28;02;2011
01/03/2011;miércoles;1;03;2011
02/03/2011;jueves;2;03;2011
03/03/2011;viernes;3;03;2011
04/03/2011;sábado;4;03;2011
05/03/2011;domingo;5;03;2011
06/03/2011;lunes;6;03;2011
07/03/2011;martes;7;03;2011
08/03/2011;miércoles;8;03;2011
09/03/2011;jueves;9;03;2011
10/03/2011;viernes;10;03;2011
11/03/2011;sábado;11;03;2011
12/03/2011;domingo;12;03;2011
13/03/2011;lunes;13;03;2011
14/03/2011;martes;14;03;2011
15/03/2011;miércoles;15;03;2011
16/03/2011;jueves;16;03;2011
17/03/2011;viernes;17;03;2011
18/03/2011;sábado;18;03;2011
19/03/2011;domingo;19;03;2011
20/03/2011;lunes;20;03;2011
21/03/2011;martes;21;03;2011
22/03/2011;miércoles;22;03;2011
23/03/2011;jueves;23;03;2011
24/03/2011;viernes;24;03;2011
25/03/2011;sábado;25;03;2011
26/03/2011;domingo;26;03;2011
27/03/2011;lunes;27;03;2011
28/03/2011;martes;28;03;2011
29/03/2011;miércoles;29;03;2011
30/03/2011;jueves;30;03;2011
31/03/2011;viernes;31;03;2011
01/04/2011;sábado;1;04;2011
02/04/2011;domingo;2;04;2011
03/04/2011;lunes;3;04;2011
04/04/2011;martes;4;04;2011
05/04/2011;miércoles;5;04;2011
06/04/2011;jueves;6;04;2011
07/04/2011;viernes;7;04;2011
08/04/2011;sábado;8;04;2011
09/04/2011;domingo;9;04;2011
10/04/2011;lunes;10;04;2011
11/04/2011;martes;11;04;2011
12/04/2011;miércoles;12;04;2011
13/04/2011;jueves;13;04;2011
14/04/2011;viernes;14;04;2011
15/04/2011;sábado;15;04;2011
16/04/2011;domingo;16;04;2011
17/04/2011;lunes;17;04;2011
18/04/2011;martes;18;04;2011
19/04/2011;miércoles;19;04;2011
20/04/2011;jueves;20;04;2011
21/04/2011;viernes;21;04;2011
22/04/2011;sábado;22;04;2011
23/04/2011;domingo;23;04;2011
24/04/2011;lunes;24;04;2011
25/04/2011;martes;25;04;2011
26/04/2011;miércoles;26;04;2011
27/04/2011;jueves;27;04;2011
28/04/2011;viernes;28;04;2011
29/04/2011;sábado;29;04;2011
30/04/2011;domingo;30;04;2011
01/05/2011;lunes;1;05;2011
02/05/2011;martes;2;05;2011
03/05/2011;miércoles;3;05;2011
04/05/2011;jueves;4;05;2011
05/05/2011;viernes;5;05;2011
06/05/2011;sábado;6;05;2011
07/05/2011;domingo;7;05;2011
08/05/2011;lunes;8;05;2011
09/05/2011;martes;9;05;2011
10/05/2011;miércoles;10;05;2011
11/05/2011;jueves;11;05;2011
12/05/2011;viernes;12;05;2011
13/05/2011;sábado;13;05;2011
14/05/2011;domingo;14;05;2011
15/05/2011;lunes;15;05;2011
16/05/2011;martes;16;05;2011
17/05/2011;miércoles;17;05;2011
18/05/2011;jueves;18;05;2011
19/05/2011;viernes;19;05;2011
20/05/2011;sábado;20;05;2011
21/05/2011;domingo;21;05;2011
22/05/2011;lunes;22;05;2011
23/05/2011;martes;23;05;2011
24/05/2011;miércoles;24;05;2011
25/05/2011;jueves;25;05;2011
26/05/2011;viernes;26;05;2011
27/05/2011;sábado;27;05;2011
28/05/2011;domingo;28;05;2011
29/05/2011;lunes;29;05;2011
30/05/2011;martes;30;05;2011
31/05/2011;miércoles;31;05;2011
01/06/2011;jueves;1;06;2011
02/06/2011;viernes;2;06;2011
03/06/2011;sábado;3;06;2011
04/06/2011;domingo;4;06;2011
05/06/2011;lunes;5;06;2011
06/06/2011;martes;6;06;2011
07/06/2011;miércoles;7;06;2011
08/06/2011;jueves;8;06;2011
09/06/2011;viernes;9;06;2011
10/06/2011;sábado;10;06;2011
11/06/2011;domingo;11;06;2011
12/06/2011;lunes;12;06;2011
13/06/2011;martes;13;06;2011
14/06/2011;miércoles;14;06;2011
15/06/2011;jueves;15;06;2011
16/06/2011;viernes;16;06;2011
17/06/2011;sábado;17;06;2011
18/06/2011;domingo;18;06;2011
19/06/2011;lunes;19;06;2011
20/06/2011;martes;20;06;2011
21/06/2011;miércoles;21;06;2011
22/06/2011;jueves;22;06;2011
23/06/2011;viernes;23;06;2011
24/06/2011;sábado;24;06;2011
25/06/2011;domingo;25;06;2011
26/06/2011;lunes;26;06;2011
27/06/2011;martes;27;06;2011
28/06/2011;miércoles;28;06;2011
29/06/2011;jueves;29;06;2011
30/06/2011;viernes;30;06;2011
01/07/2011;sábado;1;07;2011
02/07/2011;domingo;2;07;2011
03/07/2011;lunes;3;07;2011
04/07/2011;martes;4;07;2011
05/07/2011;miércoles;5;07;2011
06/07/2011;jueves;6;07;2011
07/07/2011;viernes;7;07;2011
08/07/2011;sábado;8;07;2011
09/07/2011;domingo;9;07;2011
10/07/2011;lunes;10;07;2011
11/07/2011;martes;11;07;2011
12/07/2011;miércoles;12;07;2011
13/07/2011;jueves;13;07;2011
14/07/2011;viernes;14;07;2011
15/07/2011;sábado;15;07;2011
16/07/2011;domingo;16;07;2011
17/07/2011;lunes;17;07;2011
18/07/2011;martes;18;07;2011
19/07/2011;miércoles;19;07;2011
20/07/2011;jueves;20;07;2011
21/07/2011;viernes;21;07;2011
22/07/2011;sábado;22;07;2011
23/07/2011;domingo;23;07;2011
24/07/2011;lunes;24;07;2011
25/07/2011;martes;25;07;2011
26/07/2011;miércoles;26;07;2011
27/07/2011;jueves;27;07;2011
28/07/2011;viernes;28;07;2011
29/07/2011;sábado;29;07;2011
30/07/2011;domingo;30;07;2011
31/07/2011;lunes;31;07;2011
01/08/2011;martes;1;08;2011
02/08/2011;miércoles;2;08;2011
03/08/2011;jueves;3;08;2011
04/08/2011;viernes;4;08;2011
05/08/2011;sábado;5;08;2011
06/08/2011;domingo;6;08;2011
07/08/2011;lunes;7;08;2011
08/08/2011;martes;8;08;2011
09/08/2011;miércoles;9;08;2011
10/08/2011;jueves;10;08;2011
11/08/2011;viernes;11;08;2011
12/08/2011;sábado;12;08;2011
13/08/2011;domingo;13;08;2011
14/08/2011;lunes;14;08;2011
15/08/2011;martes;15;08;2011
16/08/2011;miércoles;16;08;2011
17/08/2011;jueves;17;08;2011
18/08/2011;viernes;18;08;2011
19/08/2011;sábado;19;08;2011
20/08/2011;domingo;20;08;2011
21/08/2011;lunes;21;08;2011
22/08/2011;martes;22;08;2011
23/08/2011;miércoles;23;08;2011
24/08/2011;jueves;24;08;2011
25/08/2011;viernes;25;08;2011
26/08/2011;sábado;26;08;2011
27/08/2011;domingo;27;08;2011
28/08/2011;lunes;28;08;2011
29/08/2011;martes;29;08;2011
30/08/2011;miércoles;30;08;2011
31/08/2011;jueves;31;08;2011
01/09/2011;viernes;1;09;2011
02/09/2011;sábado;2;09;2011
03/09/2011;domingo;3;09;2011
04/09/2011;lunes;4;09;2011
05/09/2011;martes;5;09;2011
06/09/2011;miércoles;6;09;2011
07/09/2011;jueves;7;09;2011
08/09/2011;viernes;8;09;2011
09/09/2011;sábado;9;09;2011
10/09/2011;domingo;10;09;2011
11/09/2011;lunes;11;09;2011
12/09/2011;martes;12;09;2011
13/09/2011;miércoles;13;09;2011
14/09/2011;jueves;14;09;2011
15/09/2011;viernes;15;09;2011
16/09/2011;sábado;16;09;2011
17/09/2011;domingo;17;09;2011
18/09/2011;lunes;18;09;2011
19/09/2011;martes;19;09;2011
20/09/2011;miércoles;20;09;2011
21/09/2011;jueves;21;09;2011
22/09/2011;viernes;22;09;2011
23/09/2011;sábado;23;09;2011
24/09/2011;domingo;24;09;2011
25/09/2011;lunes;25;09;2011
26/09/2011;martes;26;09;2011
27/09/2011;miércoles;27;09;2011
28/09/2011;jueves;28;09;2011
29/09/2011;viernes;29;09;2011
30/09/2011;sábado;30;09;2011
01/10/2011;domingo;1;10;2011
02/10/2011;lunes;2;10;2011
03/10/2011;martes;3;10;2011
04/10/2011;miércoles;4;10;2011
05/10/2011;jueves;5;10;2011
06/10/2011;viernes;6;10;2011
07/10/2011;sábado;7;10;2011
08/10/2011;domingo;8;10;2011
09/10/2011;lunes;9;10;2011
10/10/2011;martes;10;10;2011
11/10/2011;miércoles;11;10;2011
12/10/2011;jueves;12;10;2011
13/10/2011;viernes;13;10;2011
14/10/2011;sábado;14;10;2011
15/10/2011;domingo;15;10;2011
16/10/2011;lunes;16;10;2011
17/10/2011;martes;17;10;2011
18/10/2011;miércoles;18;10;2011
19/10/2011;jueves;19;10;2011
20/10/2011;viernes;20;10;2011
21/10/2011;sábado;21;10;2011
22/10/2011;domingo;22;10;2011
23/10/2011;lunes;23;10;2011
24/10/2011;martes;24;10;2011
25/10/2011;miércoles;25;10;2011
26/10/2011;jueves;26;10;2011
27/10/2011;viernes;27;10;2011
28/10/2011;sábado;28;10;2011
29/10/2011;domingo;29;10;2011
30/10/2011;lunes;30;10;2011
31/10/2011;martes;31;10;2011
01/11/2011;miércoles;1;11;2011
02/11/2011;jueves;2;11;2011
03/11/2011;viernes;3;11;2011
04/11/2011;sábado;4;11;2011
05/11/2011;domingo;5;11;2011
06/11/2011;lunes;6;11;2011
07/11/2011;martes;7;11;2011
08/11/2011;miércoles;8;11;2011
09/11/2011;jueves;9;11;2011
10/11/2011;viernes;10;11;2011
11/11/2011;sábado;11;11;2011
12/11/2011;domingo;12;11;2011
13/11/2011;lunes;13;11;2011
14/11/2011;martes;14;11;2011
15/11/2011;miércoles;15;11;2011
16/11/2011;jueves;16;11;2011
17/11/2011;viernes;17;11;2011
18/11/2011;sábado;18;11;2011
19/11/2011;domingo;19;11;2011
20/11/2011;lunes;20;11;2011
21/11/2011;martes;21;11;2011
22/11/2011;miércoles;22;11;2011
23/11/2011;jueves;23;11;2011
24/11/2011;viernes;24;11;2011
25/11/2011;sábado;25;11;2011
26/11/2011;domingo;26;11;2011
27/11/2011;lunes;27;11;2011
28/11/2011;martes;28;11;2011
29/11/2011;miércoles;29;11;2011
30/11/2011;jueves;30;11;2011
01/12/2011;viernes;1;12;2011
02/12/2011;sábado;2;12;2011
03/12/2011;domingo;3;12;2011
04/12/2011;lunes;4;12;2011
05/12/2011;martes;5;12;2011
06/12/2011;miércoles;6;12;2011
07/12/2011;jueves;7;12;2011
08/12/2011;viernes;8;12;2011
09/12/2011;sábado;9;12;2011
10/12/2011;domingo;10;12;2011
11/12/2011;lunes;11;12;2011
12/12/2011;martes;12;12;2011
13/12/2011;miércoles;13;12;2011
14/12/2011;jueves;14;12;2011
15/12/2011;viernes;15;12;2011
16/12/2011;sábado;16;12;2011
17/12/2011;domingo;17;12;2011
18/12/2011;lunes;18;12;2011
19/12/2011;martes;19;12;2011
20/12/2011;miércoles;20;12;2011
21/12/2011;jueves;21;12;2011
22/12/2011;viernes;22;12;2011
23/12/2011;sábado;23;12;2011
24/12/2011;domingo;24;12;2011
25/12/2011;lunes;25;12;2011
26/12/2011;martes;26;12;2011
27/12/2011;miércoles;27;12;2011
28/12/2011;jueves;28;12;2011
29/12/2011;viernes;29;12;2011
30/12/2011;sábado;30;12;2011
31/12/2011;domingo;31;12;2011
01/01/2012;lunes;1;01;2012
02/01/2012;martes;2;01;2012
03/01/2012;miércoles;3;01;2012
04/01/2012;jueves;4;01;2012
05/01/2012;viernes;5;01;2012
06/01/2012;sábado;6;01;2012
07/01/2012;domingo;7;01;2012
08/01/2012;lunes;8;01;2012
09/01/2012;martes;9;01;2012
10/01/2012;miércoles;10;01;2012
11/01/2012;jueves;11;01;2012
12/01/2012;viernes;12;01;2012
13/01/2012;sábado;13;01;2012
14/01/2012;domingo;14;01;2012
15/01/2012;lunes;15;01;2012
16/01/2012;martes;16;01;2012
17/01/2012;miércoles;17;01;2012
18/01/2012;jueves;18;01;2012
19/01/2012;viernes;19;01;2012
20/01/2012;sábado;20;01;2012
21/01/2012;domingo;21;01;2012
22/01/2012;lunes;22;01;2012
23/01/2012;martes;23;01;2012
24/01/2012;miércoles;24;01;2012
25/01/2012;jueves;25;01;2012
26/01/2012;viernes;26;01;2012
27/01/2012;sábado;27;01;2012
28/01/2012;domingo;28;01;2012
29/01/2012;lunes;29;01;2012
30/01/2012;martes;30;01;2012
31/01/2012;miércoles;31;01;2012
01/02/2012;jueves;1;02;2012
02/02/2012;viernes;2;02;2012
03/02/2012;sábado;3;02;2012
04/02/2012;domingo;4;02;2012
05/02/2012;lunes;5;02;2012
06/02/2012;martes;6;02;2012
07/02/2012;miércoles;7;02;2012
08/02/2012;jueves;8;02;2012
09/02/2012;viernes;9;02;2012
10/02/2012;sábado;10;02;2012
11/02/2012;domingo;11;02;2012
12/02/2012;lunes;12;02;2012
13/02/2012;martes;13;02;2012
14/02/2012;miércoles;14;02;2012
15/02/2012;jueves;15;02;2012
16/02/2012;viernes;16;02;2012
17/02/2012;sábado;17;02;2012
18/02/2012;domingo;18;02;2012
19/02/2012;lunes;19;02;2012
20/02/2012;martes;20;02;2012
21/02/2012;miércoles;21;02;2012
22/02/2012;jueves;22;02;2012
23/02/2012;viernes;23;02;2012
24/02/2012;sábado;24;02;2012
25/02/2012;domingo;25;02;2012
26/02/2012;lunes;26;02;2012
27/02/2012;martes;27;02;2012
28/02/2012;miércoles;28;02;2012
29/02/2012;jueves;29;02;2012
01/03/2012;viernes;1;03;2012
02/03/2012;sábado;2;03;2012
03/03/2012;domingo;3;03;2012
04/03/2012;lunes;4;03;2012
05/03/2012;martes;5;03;2012
06/03/2012;miércoles;6;03;2012
07/03/2012;jueves;7;03;2012
08/03/2012;viernes;8;03;2012
09/03/2012;sábado;9;03;2012
10/03/2012;domingo;10;03;2012
11/03/2012;lunes;11;03;2012
12/03/2012;martes;12;03;2012
13/03/2012;miércoles;13;03;2012
14/03/2012;jueves;14;03;2012
15/03/2012;viernes;15;03;2012
16/03/2012;sábado;16;03;2012
17/03/2012;domingo;17;03;2012
18/03/2012;lunes;18;03;2012
19/03/2012;martes;19;03;2012
20/03/2012;miércoles;20;03;2012
21/03/2012;jueves;21;03;2012
22/03/2012;viernes;22;03;2012
23/03/2012;sábado;23;03;2012
24/03/2012;domingo;24;03;2012
25/03/2012;lunes;25;03;2012
26/03/2012;martes;26;03;2012
27/03/2012;miércoles;27;03;2012
28/03/2012;jueves;28;03;2012
29/03/2012;viernes;29;03;2012
30/03/2012;sábado;30;03;2012
31/03/2012;domingo;31;03;2012
01/04/2012;lunes;1;04;2012
02/04/2012;martes;2;04;2012
03/04/2012;miércoles;3;04;2012
04/04/2012;jueves;4;04;2012
05/04/2012;viernes;5;04;2012
06/04/2012;sábado;6;04;2012
07/04/2012;domingo;7;04;2012
08/04/2012;lunes;8;04;2012
09/04/2012;martes;9;04;2012
10/04/2012;miércoles;10;04;2012
11/04/2012;jueves;11;04;2012
12/04/2012;viernes;12;04;2012
13/04/2012;sábado;13;04;2012
14/04/2012;domingo;14;04;2012
15/04/2012;lunes;15;04;2012
16/04/2012;martes;16;04;2012
17/04/2012;miércoles;17;04;2012
18/04/2012;jueves;18;04;2012
19/04/2012;viernes;19;04;2012
20/04/2012;sábado;20;04;2012
21/04/2012;domingo;21;04;2012
22/04/2012;lunes;22;04;2012
23/04/2012;martes;23;04;2012
24/04/2012;miércoles;24;04;2012
25/04/2012;jueves;25;04;2012
26/04/2012;viernes;26;04;2012
27/04/2012;sábado;27;04;2012
28/04/2012;domingo;28;04;2012
29/04/2012;lunes;29;04;2012
30/04/2012;martes;30;04;2012
01/05/2012;miércoles;1;05;2012
02/05/2012;jueves;2;05;2012
03/05/2012;viernes;3;05;2012
04/05/2012;sábado;4;05;2012
05/05/2012;domingo;5;05;2012
06/05/2012;lunes;6;05;2012
07/05/2012;martes;7;05;2012
08/05/2012;miércoles;8;05;2012
09/05/2012;jueves;9;05;2012
10/05/2012;viernes;10;05;2012
11/05/2012;sábado;11;05;2012
12/05/2012;domingo;12;05;2012
13/05/2012;lunes;13;05;2012
14/05/2012;martes;14;05;2012
15/05/2012;miércoles;15;05;2012
16/05/2012;jueves;16;05;2012
17/05/2012;viernes;17;05;2012
18/05/2012;sábado;18;05;2012
19/05/2012;domingo;19;05;2012
20/05/2012;lunes;20;05;2012
21/05/2012;martes;21;05;2012
22/05/2012;miércoles;22;05;2012
23/05/2012;jueves;23;05;2012
24/05/2012;viernes;24;05;2012
25/05/2012;sábado;25;05;2012
26/05/2012;domingo;26;05;2012
27/05/2012;lunes;27;05;2012
28/05/2012;martes;28;05;2012
29/05/2012;miércoles;29;05;2012
30/05/2012;jueves;30;05;2012
31/05/2012;viernes;31;05;2012
01/06/2012;sábado;1;06;2012
02/06/2012;domingo;2;06;2012
03/06/2012;lunes;3;06;2012
04/06/2012;martes;4;06;2012
05/06/2012;miércoles;5;06;2012
06/06/2012;jueves;6;06;2012
07/06/2012;viernes;7;06;2012
08/06/2012;sábado;8;06;2012
09/06/2012;domingo;9;06;2012
10/06/2012;lunes;10;06;2012
11/06/2012;martes;11;06;2012
12/06/2012;miércoles;12;06;2012
13/06/2012;jueves;13;06;2012
14/06/2012;viernes;14;06;2012
15/06/2012;sábado;15;06;2012
16/06/2012;domingo;16;06;2012
17/06/2012;lunes;17;06;2012
18/06/2012;martes;18;06;2012
19/06/2012;miércoles;19;06;2012
20/06/2012;jueves;20;06;2012
21/06/2012;viernes;21;06;2012
22/06/2012;sábado;22;06;2012
23/06/2012;domingo;23;06;2012
24/06/2012;lunes;24;06;2012
25/06/2012;martes;25;06;2012
26/06/2012;miércoles;26;06;2012
27/06/2012;jueves;27;06;2012
28/06/2012;viernes;28;06;2012
29/06/2012;sábado;29;06;2012
30/06/2012;domingo;30;06;2012
01/07/2012;lunes;1;07;2012
02/07/2012;martes;2;07;2012
03/07/2012;miércoles;3;07;2012
04/07/2012;jueves;4;07;2012
05/07/2012;viernes;5;07;2012
06/07/2012;sábado;6;07;2012
07/07/2012;domingo;7;07;2012
08/07/2012;lunes;8;07;2012
09/07/2012;martes;9;07;2012
10/07/2012;miércoles;10;07;2012
11/07/2012;jueves;11;07;2012
12/07/2012;viernes;12;07;2012
13/07/2012;sábado;13;07;2012
14/07/2012;domingo;14;07;2012
15/07/2012;lunes;15;07;2012
16/07/2012;martes;16;07;2012
17/07/2012;miércoles;17;07;2012
18/07/2012;jueves;18;07;2012
19/07/2012;viernes;19;07;2012
20/07/2012;sábado;20;07;2012
21/07/2012;domingo;21;07;2012
22/07/2012;lunes;22;07;2012
23/07/2012;martes;23;07;2012
24/07/2012;miércoles;24;07;2012
25/07/2012;jueves;25;07;2012
26/07/2012;viernes;26;07;2012
27/07/2012;sábado;27;07;2012
28/07/2012;domingo;28;07;2012
29/07/2012;lunes;29;07;2012
30/07/2012;martes;30;07;2012
31/07/2012;miércoles;31;07;2012
01/08/2012;jueves;1;08;2012
02/08/2012;viernes;2;08;2012
03/08/2012;sábado;3;08;2012
04/08/2012;domingo;4;08;2012
05/08/2012;lunes;5;08;2012
06/08/2012;martes;6;08;2012
07/08/2012;miércoles;7;08;2012
08/08/2012;jueves;8;08;2012
09/08/2012;viernes;9;08;2012
10/08/2012;sábado;10;08;2012
11/08/2012;domingo;11;08;2012
12/08/2012;lunes;12;08;2012
13/08/2012;martes;13;08;2012
14/08/2012;miércoles;14;08;2012
15/08/2012;jueves;15;08;2012
16/08/2012;viernes;16;08;2012
17/08/2012;sábado;17;08;2012
18/08/2012;domingo;18;08;2012
19/08/2012;lunes;19;08;2012
20/08/2012;martes;20;08;2012
21/08/2012;miércoles;21;08;2012
22/08/2012;jueves;22;08;2012
23/08/2012;viernes;23;08;2012
24/08/2012;sábado;24;08;2012
25/08/2012;domingo;25;08;2012
26/08/2012;lunes;26;08;2012
27/08/2012;martes;27;08;2012
28/08/2012;miércoles;28;08;2012
29/08/2012;jueves;29;08;2012
30/08/2012;viernes;30;08;2012
31/08/2012;sábado;31;08;2012
01/09/2012;domingo;1;09;2012
02/09/2012;lunes;2;09;2012
03/09/2012;martes;3;09;2012
04/09/2012;miércoles;4;09;2012
05/09/2012;jueves;5;09;2012
06/09/2012;viernes;6;09;2012
07/09/2012;sábado;7;09;2012
08/09/2012;domingo;8;09;2012
09/09/2012;lunes;9;09;2012
10/09/2012;martes;10;09;2012
11/09/2012;miércoles;11;09;2012
12/09/2012;jueves;12;09;2012
13/09/2012;viernes;13;09;2012
14/09/2012;sábado;14;09;2012
15/09/2012;domingo;15;09;2012
16/09/2012;lunes;16;09;2012
17/09/2012;martes;17;09;2012
18/09/2012;miércoles;18;09;2012
19/09/2012;jueves;19;09;2012
20/09/2012;viernes;20;09;2012
21/09/2012;sábado;21;09;2012
22/09/2012;domingo;22;09;2012
23/09/2012;lunes;23;09;2012
24/09/2012;martes;24;09;2012
25/09/2012;miércoles;25;09;2012
26/09/2012;jueves;26;09;2012
27/09/2012;viernes;27;09;2012
28/09/2012;sábado;28;09;2012
29/09/2012;domingo;29;09;2012
30/09/2012;lunes;30;09;2012
01/10/2012;martes;1;10;2012
02/10/2012;miércoles;2;10;2012
03/10/2012;jueves;3;10;2012
04/10/2012;viernes;4;10;2012
05/10/2012;sábado;5;10;2012
06/10/2012;domingo;6;10;2012
07/10/2012;lunes;7;10;2012
08/10/2012;martes;8;10;2012
09/10/2012;miércoles;9;10;2012
10/10/2012;jueves;10;10;2012
11/10/2012;viernes;11;10;2012
12/10/2012;sábado;12;10;2012
13/10/2012;domingo;13;10;2012
14/10/2012;lunes;14;10;2012
15/10/2012;martes;15;10;2012
16/10/2012;miércoles;16;10;2012
17/10/2012;jueves;17;10;2012
18/10/2012;viernes;18;10;2012
19/10/2012;sábado;19;10;2012
20/10/2012;domingo;20;10;2012
21/10/2012;lunes;21;10;2012
22/10/2012;martes;22;10;2012
23/10/2012;miércoles;23;10;2012
24/10/2012;jueves;24;10;2012
25/10/2012;viernes;25;10;2012
26/10/2012;sábado;26;10;2012
27/10/2012;domingo;27;10;2012
28/10/2012;lunes;28;10;2012
29/10/2012;martes;29;10;2012
30/10/2012;miércoles;30;10;2012
31/10/2012;jueves;31;10;2012
01/11/2012;viernes;1;11;2012
02/11/2012;sábado;2;11;2012
03/11/2012;domingo;3;11;2012
04/11/2012;lunes;4;11;2012
05/11/2012;martes;5;11;2012
06/11/2012;miércoles;6;11;2012
07/11/2012;jueves;7;11;2012
08/11/2012;viernes;8;11;2012
09/11/2012;sábado;9;11;2012
10/11/2012;domingo;10;11;2012
11/11/2012;lunes;11;11;2012
12/11/2012;martes;12;11;2012
13/11/2012;miércoles;13;11;2012
14/11/2012;jueves;14;11;2012
15/11/2012;viernes;15;11;2012
16/11/2012;sábado;16;11;2012
17/11/2012;domingo;17;11;2012
18/11/2012;lunes;18;11;2012
19/11/2012;martes;19;11;2012
20/11/2012;miércoles;20;11;2012
21/11/2012;jueves;21;11;2012
22/11/2012;viernes;22;11;2012
23/11/2012;sábado;23;11;2012
24/11/2012;domingo;24;11;2012
25/11/2012;lunes;25;11;2012
26/11/2012;martes;26;11;2012
27/11/2012;miércoles;27;11;2012
28/11/2012;jueves;28;11;2012
29/11/2012;viernes;29;11;2012
30/11/2012;sábado;30;11;2012
01/12/2012;domingo;1;12;2012
02/12/2012;lunes;2;12;2012
03/12/2012;martes;3;12;2012
04/12/2012;miércoles;4;12;2012
05/12/2012;jueves;5;12;2012
06/12/2012;viernes;6;12;2012
07/12/2012;sábado;7;12;2012
08/12/2012;domingo;8;12;2012
09/12/2012;lunes;9;12;2012
10/12/2012;martes;10;12;2012
11/12/2012;miércoles;11;12;2012
12/12/2012;jueves;12;12;2012
13/12/2012;viernes;13;12;2012
14/12/2012;sábado;14;12;2012
15/12/2012;domingo;15;12;2012
16/12/2012;lunes;16;12;2012
17/12/2012;martes;17;12;2012
18/12/2012;miércoles;18;12;2012
19/12/2012;jueves;19;12;2012
20/12/2012;viernes;20;12;2012
21/12/2012;sábado;21;12;2012
22/12/2012;domingo;22;12;2012
23/12/2012;lunes;23;12;2012
24/12/2012;martes;24;12;2012
25/12/2012;miércoles;25;12;2012
26/12/2012;jueves;26;12;2012
27/12/2012;viernes;27;12;2012
28/12/2012;sábado;28;12;2012
29/12/2012;domingo;29;12;2012
30/12/2012;lunes;30;12;2012
31/12/2012;martes;31;12;2012
01/01/2013;miércoles;1;01;2013
02/01/2013;jueves;2;01;2013
03/01/2013;viernes;3;01;2013
04/01/2013;sábado;4;01;2013
05/01/2013;domingo;5;01;2013
06/01/2013;lunes;6;01;2013
07/01/2013;martes;7;01;2013
08/01/2013;miércoles;8;01;2013
09/01/2013;jueves;9;01;2013
10/01/2013;viernes;10;01;2013
11/01/2013;sábado;11;01;2013
12/01/2013;domingo;12;01;2013
13/01/2013;lunes;13;01;2013
14/01/2013;martes;14;01;2013
15/01/2013;miércoles;15;01;2013
16/01/2013;jueves;16;01;2013
17/01/2013;viernes;17;01;2013
18/01/2013;sábado;18;01;2013
19/01/2013;domingo;19;01;2013
20/01/2013;lunes;20;01;2013
21/01/2013;martes;21;01;2013
22/01/2013;miércoles;22;01;2013
23/01/2013;jueves;23;01;2013
24/01/2013;viernes;24;01;2013
25/01/2013;sábado;25;01;2013
26/01/2013;domingo;26;01;2013
27/01/2013;lunes;27;01;2013
28/01/2013;martes;28;01;2013
29/01/2013;miércoles;29;01;2013
30/01/2013;jueves;30;01;2013
31/01/2013;viernes;31;01;2013
01/02/2013;sábado;1;02;2013
02/02/2013;domingo;2;02;2013
03/02/2013;lunes;3;02;2013
04/02/2013;martes;4;02;2013
05/02/2013;miércoles;5;02;2013
06/02/2013;jueves;6;02;2013
07/02/2013;viernes;7;02;2013
08/02/2013;sábado;8;02;2013
09/02/2013;domingo;9;02;2013
10/02/2013;lunes;10;02;2013
11/02/2013;martes;11;02;2013
12/02/2013;miércoles;12;02;2013
13/02/2013;jueves;13;02;2013
14/02/2013;viernes;14;02;2013
15/02/2013;sábado;15;02;2013
16/02/2013;domingo;16;02;2013
17/02/2013;lunes;17;02;2013
18/02/2013;martes;18;02;2013
19/02/2013;miércoles;19;02;2013
20/02/2013;jueves;20;02;2013
21/02/2013;viernes;21;02;2013
22/02/2013;sábado;22;02;2013
23/02/2013;domingo;23;02;2013
24/02/2013;lunes;24;02;2013
25/02/2013;martes;25;02;2013
26/02/2013;miércoles;26;02;2013
27/02/2013;jueves;27;02;2013
28/02/2013;viernes;28;02;2013
01/03/2013;sábado;1;03;2013
02/03/2013;domingo;2;03;2013
03/03/2013;lunes;3;03;2013
04/03/2013;martes;4;03;2013
05/03/2013;miércoles;5;03;2013
06/03/2013;jueves;6;03;2013
07/03/2013;viernes;7;03;2013
08/03/2013;sábado;8;03;2013
09/03/2013;domingo;9;03;2013
10/03/2013;lunes;10;03;2013
11/03/2013;martes;11;03;2013
12/03/2013;miércoles;12;03;2013
13/03/2013;jueves;13;03;2013
14/03/2013;viernes;14;03;2013
15/03/2013;sábado;15;03;2013
16/03/2013;domingo;16;03;2013
17/03/2013;lunes;17;03;2013
18/03/2013;martes;18;03;2013
19/03/2013;miércoles;19;03;2013
20/03/2013;jueves;20;03;2013
21/03/2013;viernes;21;03;2013
22/03/2013;sábado;22;03;2013
23/03/2013;domingo;23;03;2013
24/03/2013;lunes;24;03;2013
25/03/2013;martes;25;03;2013
26/03/2013;miércoles;26;03;2013
27/03/2013;jueves;27;03;2013
28/03/2013;viernes;28;03;2013
29/03/2013;sábado;29;03;2013
30/03/2013;domingo;30;03;2013
31/03/2013;lunes;31;03;2013
01/04/2013;martes;1;04;2013
02/04/2013;miércoles;2;04;2013
03/04/2013;jueves;3;04;2013
04/04/2013;viernes;4;04;2013
05/04/2013;sábado;5;04;2013
06/04/2013;domingo;6;04;2013
07/04/2013;lunes;7;04;2013
08/04/2013;martes;8;04;2013
09/04/2013;miércoles;9;04;2013
10/04/2013;jueves;10;04;2013
11/04/2013;viernes;11;04;2013
12/04/2013;sábado;12;04;2013
13/04/2013;domingo;13;04;2013
14/04/2013;lunes;14;04;2013
15/04/2013;martes;15;04;2013
16/04/2013;miércoles;16;04;2013
17/04/2013;jueves;17;04;2013
18/04/2013;viernes;18;04;2013
19/04/2013;sábado;19;04;2013
20/04/2013;domingo;20;04;2013
21/04/2013;lunes;21;04;2013
22/04/2013;martes;22;04;2013
23/04/2013;miércoles;23;04;2013
24/04/2013;jueves;24;04;2013
25/04/2013;viernes;25;04;2013
26/04/2013;sábado;26;04;2013
27/04/2013;domingo;27;04;2013
28/04/2013;lunes;28;04;2013
29/04/2013;martes;29;04;2013
30/04/2013;miércoles;30;04;2013
01/05/2013;jueves;1;05;2013
02/05/2013;viernes;2;05;2013
03/05/2013;sábado;3;05;2013
04/05/2013;domingo;4;05;2013
05/05/2013;lunes;5;05;2013
06/05/2013;martes;6;05;2013
07/05/2013;miércoles;7;05;2013
08/05/2013;jueves;8;05;2013
09/05/2013;viernes;9;05;2013
10/05/2013;sábado;10;05;2013
11/05/2013;domingo;11;05;2013
12/05/2013;lunes;12;05;2013
13/05/2013;martes;13;05;2013
14/05/2013;miércoles;14;05;2013
15/05/2013;jueves;15;05;2013
16/05/2013;viernes;16;05;2013
17/05/2013;sábado;17;05;2013
18/05/2013;domingo;18;05;2013
19/05/2013;lunes;19;05;2013
20/05/2013;martes;20;05;2013
21/05/2013;miércoles;21;05;2013
22/05/2013;jueves;22;05;2013
23/05/2013;viernes;23;05;2013
24/05/2013;sábado;24;05;2013
25/05/2013;domingo;25;05;2013
26/05/2013;lunes;26;05;2013
27/05/2013;martes;27;05;2013
28/05/2013;miércoles;28;05;2013
29/05/2013;jueves;29;05;2013
30/05/2013;viernes;30;05;2013
31/05/2013;sábado;31;05;2013
01/06/2013;domingo;1;06;2013
02/06/2013;lunes;2;06;2013
03/06/2013;martes;3;06;2013
04/06/2013;miércoles;4;06;2013
05/06/2013;jueves;5;06;2013
06/06/2013;viernes;6;06;2013
07/06/2013;sábado;7;06;2013
08/06/2013;domingo;8;06;2013
09/06/2013;lunes;9;06;2013
10/06/2013;martes;10;06;2013
11/06/2013;miércoles;11;06;2013
12/06/2013;jueves;12;06;2013
13/06/2013;viernes;13;06;2013
14/06/2013;sábado;14;06;2013
15/06/2013;domingo;15;06;2013
16/06/2013;lunes;16;06;2013
17/06/2013;martes;17;06;2013
18/06/2013;miércoles;18;06;2013
19/06/2013;jueves;19;06;2013
20/06/2013;viernes;20;06;2013
21/06/2013;sábado;21;06;2013
22/06/2013;domingo;22;06;2013
23/06/2013;lunes;23;06;2013
24/06/2013;martes;24;06;2013
25/06/2013;miércoles;25;06;2013
26/06/2013;jueves;26;06;2013
27/06/2013;viernes;27;06;2013
28/06/2013;sábado;28;06;2013
29/06/2013;domingo;29;06;2013
30/06/2013;lunes;30;06;2013
01/07/2013;martes;1;07;2013
02/07/2013;miércoles;2;07;2013
03/07/2013;jueves;3;07;2013
04/07/2013;viernes;4;07;2013
05/07/2013;sábado;5;07;2013
06/07/2013;domingo;6;07;2013
07/07/2013;lunes;7;07;2013
08/07/2013;martes;8;07;2013
09/07/2013;miércoles;9;07;2013
10/07/2013;jueves;10;07;2013
11/07/2013;viernes;11;07;2013
12/07/2013;sábado;12;07;2013
13/07/2013;domingo;13;07;2013
14/07/2013;lunes;14;07;2013
15/07/2013;martes;15;07;2013
16/07/2013;miércoles;16;07;2013
17/07/2013;jueves;17;07;2013
18/07/2013;viernes;18;07;2013
19/07/2013;sábado;19;07;2013
20/07/2013;domingo;20;07;2013
21/07/2013;lunes;21;07;2013
22/07/2013;martes;22;07;2013
23/07/2013;miércoles;23;07;2013
24/07/2013;jueves;24;07;2013
25/07/2013;viernes;25;07;2013
26/07/2013;sábado;26;07;2013
27/07/2013;domingo;27;07;2013
28/07/2013;lunes;28;07;2013
29/07/2013;martes;29;07;2013
30/07/2013;miércoles;30;07;2013
31/07/2013;jueves;31;07;2013
01/08/2013;viernes;1;08;2013
02/08/2013;sábado;2;08;2013
03/08/2013;domingo;3;08;2013
04/08/2013;lunes;4;08;2013
05/08/2013;martes;5;08;2013
06/08/2013;miércoles;6;08;2013
07/08/2013;jueves;7;08;2013
08/08/2013;viernes;8;08;2013
09/08/2013;sábado;9;08;2013
10/08/2013;domingo;10;08;2013
11/08/2013;lunes;11;08;2013
12/08/2013;martes;12;08;2013
13/08/2013;miércoles;13;08;2013
14/08/2013;jueves;14;08;2013
15/08/2013;viernes;15;08;2013
16/08/2013;sábado;16;08;2013
17/08/2013;domingo;17;08;2013
18/08/2013;lunes;18;08;2013
19/08/2013;martes;19;08;2013
20/08/2013;miércoles;20;08;2013
21/08/2013;jueves;21;08;2013
22/08/2013;viernes;22;08;2013
23/08/2013;sábado;23;08;2013
24/08/2013;domingo;24;08;2013
25/08/2013;lunes;25;08;2013
26/08/2013;martes;26;08;2013
27/08/2013;miércoles;27;08;2013
28/08/2013;jueves;28;08;2013
29/08/2013;viernes;29;08;2013
30/08/2013;sábado;30;08;2013
31/08/2013;domingo;31;08;2013
01/09/2013;lunes;1;09;2013
02/09/2013;martes;2;09;2013
03/09/2013;miércoles;3;09;2013
04/09/2013;jueves;4;09;2013
05/09/2013;viernes;5;09;2013
06/09/2013;sábado;6;09;2013
07/09/2013;domingo;7;09;2013
08/09/2013;lunes;8;09;2013
09/09/2013;martes;9;09;2013
10/09/2013;miércoles;10;09;2013
11/09/2013;jueves;11;09;2013
12/09/2013;viernes;12;09;2013
13/09/2013;sábado;13;09;2013
14/09/2013;domingo;14;09;2013
15/09/2013;lunes;15;09;2013
16/09/2013;martes;16;09;2013
17/09/2013;miércoles;17;09;2013
18/09/2013;jueves;18;09;2013
19/09/2013;viernes;19;09;2013
20/09/2013;sábado;20;09;2013
21/09/2013;domingo;21;09;2013
22/09/2013;lunes;22;09;2013
23/09/2013;martes;23;09;2013
24/09/2013;miércoles;24;09;2013
25/09/2013;jueves;25;09;2013
26/09/2013;viernes;26;09;2013
27/09/2013;sábado;27;09;2013
28/09/2013;domingo;28;09;2013
29/09/2013;lunes;29;09;2013
30/09/2013;martes;30;09;2013
01/10/2013;miércoles;1;10;2013
02/10/2013;jueves;2;10;2013
03/10/2013;viernes;3;10;2013
04/10/2013;sábado;4;10;2013
05/10/2013;domingo;5;10;2013
06/10/2013;lunes;6;10;2013
07/10/2013;martes;7;10;2013
08/10/2013;miércoles;8;10;2013
09/10/2013;jueves;9;10;2013
10/10/2013;viernes;10;10;2013
11/10/2013;sábado;11;10;2013
12/10/2013;domingo;12;10;2013
13/10/2013;lunes;13;10;2013
14/10/2013;martes;14;10;2013
15/10/2013;miércoles;15;10;2013
16/10/2013;jueves;16;10;2013
17/10/2013;viernes;17;10;2013
18/10/2013;sábado;18;10;2013
19/10/2013;domingo;19;10;2013
20/10/2013;lunes;20;10;2013
21/10/2013;martes;21;10;2013
22/10/2013;miércoles;22;10;2013
23/10/2013;jueves;23;10;2013
24/10/2013;viernes;24;10;2013
25/10/2013;sábado;25;10;2013
26/10/2013;domingo;26;10;2013
27/10/2013;lunes;27;10;2013
28/10/2013;martes;28;10;2013
29/10/2013;miércoles;29;10;2013
30/10/2013;jueves;30;10;2013
31/10/2013;viernes;31;10;2013
01/11/2013;sábado;1;11;2013
02/11/2013;domingo;2;11;2013
03/11/2013;lunes;3;11;2013
04/11/2013;martes;4;11;2013
05/11/2013;miércoles;5;11;2013
06/11/2013;jueves;6;11;2013
07/11/2013;viernes;7;11;2013
08/11/2013;sábado;8;11;2013
09/11/2013;domingo;9;11;2013
10/11/2013;lunes;10;11;2013
11/11/2013;martes;11;11;2013
12/11/2013;miércoles;12;11;2013
13/11/2013;jueves;13;11;2013
14/11/2013;viernes;14;11;2013
15/11/2013;sábado;15;11;2013
16/11/2013;domingo;16;11;2013
17/11/2013;lunes;17;11;2013
18/11/2013;martes;18;11;2013
19/11/2013;miércoles;19;11;2013
20/11/2013;jueves;20;11;2013
21/11/2013;viernes;21;11;2013
22/11/2013;sábado;22;11;2013
23/11/2013;domingo;23;11;2013
24/11/2013;lunes;24;11;2013
25/11/2013;martes;25;11;2013
26/11/2013;miércoles;26;11;2013
27/11/2013;jueves;27;11;2013
28/11/2013;viernes;28;11;2013
29/11/2013;sábado;29;11;2013
30/11/2013;domingo;30;11;2013
01/12/2013;lunes;1;12;2013
02/12/2013;martes;2;12;2013
03/12/2013;miércoles;3;12;2013
04/12/2013;jueves;4;12;2013
05/12/2013;viernes;5;12;2013
06/12/2013;sábado;6;12;2013
07/12/2013;domingo;7;12;2013
08/12/2013;lunes;8;12;2013
09/12/2013;martes;9;12;2013
10/12/2013;miércoles;10;12;2013
11/12/2013;jueves;11;12;2013
12/12/2013;viernes;12;12;2013
13/12/2013;sábado;13;12;2013
14/12/2013;domingo;14;12;2013
15/12/2013;lunes;15;12;2013
16/12/2013;martes;16;12;2013
17/12/2013;miércoles;17;12;2013
18/12/2013;jueves;18;12;2013
19/12/2013;viernes;19;12;2013
20/12/2013;sábado;20;12;2013
21/12/2013;domingo;21;12;2013
22/12/2013;lunes;22;12;2013
23/12/2013;martes;23;12;2013
24/12/2013;miércoles;24;12;2013
25/12/2013;jueves;25;12;2013
26/12/2013;viernes;26;12;2013
27/12/2013;sábado;27;12;2013
28/12/2013;domingo;28;12;2013
29/12/2013;lunes;29;12;2013
30/12/2013;martes;30;12;2013
31/12/2013;miércoles;31;12;2013
01/01/2014;jueves;1;01;2014
02/01/2014;viernes;2;01;2014
03/01/2014;sábado;3;01;2014
04/01/2014;domingo;4;01;2014
05/01/2014;lunes;5;01;2014
06/01/2014;martes;6;01;2014
07/01/2014;miércoles;7;01;2014
08/01/2014;jueves;8;01;2014
09/01/2014;viernes;9;01;2014
10/01/2014;sábado;10;01;2014
11/01/2014;domingo;11;01;2014
12/01/2014;lunes;12;01;2014
13/01/2014;martes;13;01;2014
14/01/2014;miércoles;14;01;2014
15/01/2014;jueves;15;01;2014
16/01/2014;viernes;16;01;2014
17/01/2014;sábado;17;01;2014
18/01/2014;domingo;18;01;2014
19/01/2014;lunes;19;01;2014
20/01/2014;martes;20;01;2014
21/01/2014;miércoles;21;01;2014
22/01/2014;jueves;22;01;2014
23/01/2014;viernes;23;01;2014
24/01/2014;sábado;24;01;2014
25/01/2014;domingo;25;01;2014
26/01/2014;lunes;26;01;2014
27/01/2014;martes;27;01;2014
28/01/2014;miércoles;28;01;2014
29/01/2014;jueves;29;01;2014
30/01/2014;viernes;30;01;2014
31/01/2014;sábado;31;01;2014
01/02/2014;domingo;1;02;2014
02/02/2014;lunes;2;02;2014
03/02/2014;martes;3;02;2014
04/02/2014;miércoles;4;02;2014
05/02/2014;jueves;5;02;2014
06/02/2014;viernes;6;02;2014
07/02/2014;sábado;7;02;2014
08/02/2014;domingo;8;02;2014
09/02/2014;lunes;9;02;2014
10/02/2014;martes;10;02;2014
11/02/2014;miércoles;11;02;2014
12/02/2014;jueves;12;02;2014
13/02/2014;viernes;13;02;2014
14/02/2014;sábado;14;02;2014
15/02/2014;domingo;15;02;2014
16/02/2014;lunes;16;02;2014
17/02/2014;martes;17;02;2014
18/02/2014;miércoles;18;02;2014
19/02/2014;jueves;19;02;2014
20/02/2014;viernes;20;02;2014
21/02/2014;sábado;21;02;2014
22/02/2014;domingo;22;02;2014
23/02/2014;lunes;23;02;2014
24/02/2014;martes;24;02;2014
25/02/2014;miércoles;25;02;2014
26/02/2014;jueves;26;02;2014
27/02/2014;viernes;27;02;2014
28/02/2014;sábado;28;02;2014
01/03/2014;domingo;1;03;2014
02/03/2014;lunes;2;03;2014
03/03/2014;martes;3;03;2014
04/03/2014;miércoles;4;03;2014
05/03/2014;jueves;5;03;2014
06/03/2014;viernes;6;03;2014
07/03/2014;sábado;7;03;2014
08/03/2014;domingo;8;03;2014
09/03/2014;lunes;9;03;2014
10/03/2014;martes;10;03;2014
11/03/2014;miércoles;11;03;2014
12/03/2014;jueves;12;03;2014
13/03/2014;viernes;13;03;2014
14/03/2014;sábado;14;03;2014
15/03/2014;domingo;15;03;2014
16/03/2014;lunes;16;03;2014
17/03/2014;martes;17;03;2014
18/03/2014;miércoles;18;03;2014
19/03/2014;jueves;19;03;2014
20/03/2014;viernes;20;03;2014
21/03/2014;sábado;21;03;2014
22/03/2014;domingo;22;03;2014
23/03/2014;lunes;23;03;2014
24/03/2014;martes;24;03;2014
25/03/2014;miércoles;25;03;2014
26/03/2014;jueves;26;03;2014
27/03/2014;viernes;27;03;2014
28/03/2014;sábado;28;03;2014
29/03/2014;domingo;29;03;2014
30/03/2014;lunes;30;03;2014
31/03/2014;martes;31;03;2014
01/04/2014;miércoles;1;04;2014
02/04/2014;jueves;2;04;2014
03/04/2014;viernes;3;04;2014
04/04/2014;sábado;4;04;2014
05/04/2014;domingo;5;04;2014
06/04/2014;lunes;6;04;2014
07/04/2014;martes;7;04;2014
08/04/2014;miércoles;8;04;2014
09/04/2014;jueves;9;04;2014
10/04/2014;viernes;10;04;2014
11/04/2014;sábado;11;04;2014
12/04/2014;domingo;12;04;2014
13/04/2014;lunes;13;04;2014
14/04/2014;martes;14;04;2014
15/04/2014;miércoles;15;04;2014
16/04/2014;jueves;16;04;2014
17/04/2014;viernes;17;04;2014
18/04/2014;sábado;18;04;2014
19/04/2014;domingo;19;04;2014
20/04/2014;lunes;20;04;2014
21/04/2014;martes;21;04;2014
22/04/2014;miércoles;22;04;2014
23/04/2014;jueves;23;04;2014
24/04/2014;viernes;24;04;2014
25/04/2014;sábado;25;04;2014
26/04/2014;domingo;26;04;2014
27/04/2014;lunes;27;04;2014
28/04/2014;martes;28;04;2014
29/04/2014;miércoles;29;04;2014
30/04/2014;jueves;30;04;2014
01/05/2014;viernes;1;05;2014
02/05/2014;sábado;2;05;2014
03/05/2014;domingo;3;05;2014
04/05/2014;lunes;4;05;2014
05/05/2014;martes;5;05;2014
06/05/2014;miércoles;6;05;2014
07/05/2014;jueves;7;05;2014
08/05/2014;viernes;8;05;2014
09/05/2014;sábado;9;05;2014
10/05/2014;domingo;10;05;2014
11/05/2014;lunes;11;05;2014
12/05/2014;martes;12;05;2014
13/05/2014;miércoles;13;05;2014
14/05/2014;jueves;14;05;2014
15/05/2014;viernes;15;05;2014
16/05/2014;sábado;16;05;2014
17/05/2014;domingo;17;05;2014
18/05/2014;lunes;18;05;2014
19/05/2014;martes;19;05;2014
20/05/2014;miércoles;20;05;2014
21/05/2014;jueves;21;05;2014
22/05/2014;viernes;22;05;2014
23/05/2014;sábado;23;05;2014
24/05/2014;domingo;24;05;2014
25/05/2014;lunes;25;05;2014
26/05/2014;martes;26;05;2014
27/05/2014;miércoles;27;05;2014
28/05/2014;jueves;28;05;2014
29/05/2014;viernes;29;05;2014
30/05/2014;sábado;30;05;2014
31/05/2014;domingo;31;05;2014
01/06/2014;lunes;1;06;2014
02/06/2014;martes;2;06;2014
03/06/2014;miércoles;3;06;2014
04/06/2014;jueves;4;06;2014
05/06/2014;viernes;5;06;2014
06/06/2014;sábado;6;06;2014
07/06/2014;domingo;7;06;2014
08/06/2014;lunes;8;06;2014
09/06/2014;martes;9;06;2014
10/06/2014;miércoles;10;06;2014
11/06/2014;jueves;11;06;2014
12/06/2014;viernes;12;06;2014
13/06/2014;sábado;13;06;2014
14/06/2014;domingo;14;06;2014
15/06/2014;lunes;15;06;2014
16/06/2014;martes;16;06;2014
17/06/2014;miércoles;17;06;2014
18/06/2014;jueves;18;06;2014
19/06/2014;viernes;19;06;2014
20/06/2014;sábado;20;06;2014
21/06/2014;domingo;21;06;2014
22/06/2014;lunes;22;06;2014
23/06/2014;martes;23;06;2014
24/06/2014;miércoles;24;06;2014
25/06/2014;jueves;25;06;2014
26/06/2014;viernes;26;06;2014
27/06/2014;sábado;27;06;2014
28/06/2014;domingo;28;06;2014
29/06/2014;lunes;29;06;2014
30/06/2014;martes;30;06;2014
01/07/2014;miércoles;1;07;2014
02/07/2014;jueves;2;07;2014
03/07/2014;viernes;3;07;2014
04/07/2014;sábado;4;07;2014
05/07/2014;domingo;5;07;2014
06/07/2014;lunes;6;07;2014
07/07/2014;martes;7;07;2014
08/07/2014;miércoles;8;07;2014
09/07/2014;jueves;9;07;2014
10/07/2014;viernes;10;07;2014
11/07/2014;sábado;11;07;2014
12/07/2014;domingo;12;07;2014
13/07/2014;lunes;13;07;2014
14/07/2014;martes;14;07;2014
15/07/2014;miércoles;15;07;2014
16/07/2014;jueves;16;07;2014
17/07/2014;viernes;17;07;2014
18/07/2014;sábado;18;07;2014
19/07/2014;domingo;19;07;2014
20/07/2014;lunes;20;07;2014
21/07/2014;martes;21;07;2014
22/07/2014;miércoles;22;07;2014
23/07/2014;jueves;23;07;2014
24/07/2014;viernes;24;07;2014
25/07/2014;sábado;25;07;2014
26/07/2014;domingo;26;07;2014
27/07/2014;lunes;27;07;2014
28/07/2014;martes;28;07;2014
29/07/2014;miércoles;29;07;2014
30/07/2014;jueves;30;07;2014
31/07/2014;viernes;31;07;2014
01/08/2014;sábado;1;08;2014
02/08/2014;domingo;2;08;2014
03/08/2014;lunes;3;08;2014
04/08/2014;martes;4;08;2014
05/08/2014;miércoles;5;08;2014
06/08/2014;jueves;6;08;2014
07/08/2014;viernes;7;08;2014
08/08/2014;sábado;8;08;2014
09/08/2014;domingo;9;08;2014
10/08/2014;lunes;10;08;2014
11/08/2014;martes;11;08;2014
12/08/2014;miércoles;12;08;2014
13/08/2014;jueves;13;08;2014
14/08/2014;viernes;14;08;2014
15/08/2014;sábado;15;08;2014
16/08/2014;domingo;16;08;2014
17/08/2014;lunes;17;08;2014
18/08/2014;martes;18;08;2014
19/08/2014;miércoles;19;08;2014
20/08/2014;jueves;20;08;2014
21/08/2014;viernes;21;08;2014
22/08/2014;sábado;22;08;2014
23/08/2014;domingo;23;08;2014
24/08/2014;lunes;24;08;2014
25/08/2014;martes;25;08;2014
26/08/2014;miércoles;26;08;2014
27/08/2014;jueves;27;08;2014
28/08/2014;viernes;28;08;2014
29/08/2014;sábado;29;08;2014
30/08/2014;domingo;30;08;2014
31/08/2014;lunes;31;08;2014
01/09/2014;martes;1;09;2014
02/09/2014;miércoles;2;09;2014
03/09/2014;jueves;3;09;2014
04/09/2014;viernes;4;09;2014
05/09/2014;sábado;5;09;2014
06/09/2014;domingo;6;09;2014
07/09/2014;lunes;7;09;2014
08/09/2014;martes;8;09;2014
09/09/2014;miércoles;9;09;2014
10/09/2014;jueves;10;09;2014
11/09/2014;viernes;11;09;2014
12/09/2014;sábado;12;09;2014
13/09/2014;domingo;13;09;2014
14/09/2014;lunes;14;09;2014
15/09/2014;martes;15;09;2014
16/09/2014;miércoles;16;09;2014
17/09/2014;jueves;17;09;2014
18/09/2014;viernes;18;09;2014
19/09/2014;sábado;19;09;2014
20/09/2014;domingo;20;09;2014
21/09/2014;lunes;21;09;2014
22/09/2014;martes;22;09;2014
23/09/2014;miércoles;23;09;2014
24/09/2014;jueves;24;09;2014
25/09/2014;viernes;25;09;2014
26/09/2014;sábado;26;09;2014
27/09/2014;domingo;27;09;2014
28/09/2014;lunes;28;09;2014
29/09/2014;martes;29;09;2014
30/09/2014;miércoles;30;09;2014
01/10/2014;jueves;1;10;2014
02/10/2014;viernes;2;10;2014
03/10/2014;sábado;3;10;2014
04/10/2014;domingo;4;10;2014
05/10/2014;lunes;5;10;2014
06/10/2014;martes;6;10;2014
07/10/2014;miércoles;7;10;2014
08/10/2014;jueves;8;10;2014
09/10/2014;viernes;9;10;2014
10/10/2014;sábado;10;10;2014
11/10/2014;domingo;11;10;2014
12/10/2014;lunes;12;10;2014
13/10/2014;martes;13;10;2014
14/10/2014;miércoles;14;10;2014
15/10/2014;jueves;15;10;2014
16/10/2014;viernes;16;10;2014
17/10/2014;sábado;17;10;2014
18/10/2014;domingo;18;10;2014
19/10/2014;lunes;19;10;2014
20/10/2014;martes;20;10;2014
21/10/2014;miércoles;21;10;2014
22/10/2014;jueves;22;10;2014
23/10/2014;viernes;23;10;2014
24/10/2014;sábado;24;10;2014
25/10/2014;domingo;25;10;2014
26/10/2014;lunes;26;10;2014
27/10/2014;martes;27;10;2014
28/10/2014;miércoles;28;10;2014
29/10/2014;jueves;29;10;2014
30/10/2014;viernes;30;10;2014
31/10/2014;sábado;31;10;2014
01/11/2014;domingo;1;11;2014
02/11/2014;lunes;2;11;2014
03/11/2014;martes;3;11;2014
04/11/2014;miércoles;4;11;2014
05/11/2014;jueves;5;11;2014
06/11/2014;viernes;6;11;2014
07/11/2014;sábado;7;11;2014
08/11/2014;domingo;8;11;2014
09/11/2014;lunes;9;11;2014
10/11/2014;martes;10;11;2014
11/11/2014;miércoles;11;11;2014
12/11/2014;jueves;12;11;2014
13/11/2014;viernes;13;11;2014
14/11/2014;sábado;14;11;2014
15/11/2014;domingo;15;11;2014
16/11/2014;lunes;16;11;2014
17/11/2014;martes;17;11;2014
18/11/2014;miércoles;18;11;2014
19/11/2014;jueves;19;11;2014
20/11/2014;viernes;20;11;2014
21/11/2014;sábado;21;11;2014
22/11/2014;domingo;22;11;2014
23/11/2014;lunes;23;11;2014
24/11/2014;martes;24;11;2014
25/11/2014;miércoles;25;11;2014
26/11/2014;jueves;26;11;2014
27/11/2014;viernes;27;11;2014
28/11/2014;sábado;28;11;2014
29/11/2014;domingo;29;11;2014
30/11/2014;lunes;30;11;2014
01/12/2014;martes;1;12;2014
02/12/2014;miércoles;2;12;2014
03/12/2014;jueves;3;12;2014
04/12/2014;viernes;4;12;2014
05/12/2014;sábado;5;12;2014
06/12/2014;domingo;6;12;2014
07/12/2014;lunes;7;12;2014
08/12/2014;martes;8;12;2014
09/12/2014;miércoles;9;12;2014
10/12/2014;jueves;10;12;2014
11/12/2014;viernes;11;12;2014
12/12/2014;sábado;12;12;2014
13/12/2014;domingo;13;12;2014
14/12/2014;lunes;14;12;2014
15/12/2014;martes;15;12;2014
16/12/2014;miércoles;16;12;2014
17/12/2014;jueves;17;12;2014
18/12/2014;viernes;18;12;2014
19/12/2014;sábado;19;12;2014
20/12/2014;domingo;20;12;2014
21/12/2014;lunes;21;12;2014
22/12/2014;martes;22;12;2014
23/12/2014;miércoles;23;12;2014
24/12/2014;jueves;24;12;2014
25/12/2014;viernes;25;12;2014
26/12/2014;sábado;26;12;2014
27/12/2014;domingo;27;12;2014
28/12/2014;lunes;28;12;2014
29/12/2014;martes;29;12;2014
30/12/2014;miércoles;30;12;2014
31/12/2014;jueves;31;12;2014
